
{"all": {"FEMALE_SINGLE": {"negative": 0.1031031031031031, "neutral": 0.3353353353353353, "positive": 0.5615615615615616}, "MALE_SINGLE": {"negative": 0.11468812877263582, "neutral": 0.3782696177062374, "positive": 0.5070422535211268}},"occupation": {"FEMALE_SINGLE": {"negative": 0.136, "neutral": 0.598, "positive": 0.266}, "MALE_SINGLE": {"negative": 0.146, "neutral": 0.616, "positive": 0.238}},"respect": {"FEMALE_SINGLE": {"negative": 0.07014028056112225, "neutral": 0.07214428857715431, "positive": 0.8577154308617234}, "MALE_SINGLE": {"negative": 0.08299595141700405, "neutral": 0.13765182186234817, "positive": 0.7793522267206477}}}
