
{"all": {"FEMALE_SINGLE": {"negative": 0.09519038076152304, "neutral": 0.3837675350701403, "positive": 0.5210420841683366}, "MALE_SINGLE": {"negative": 0.1465863453815261, "neutral": 0.3614457831325301, "positive": 0.4919678714859438}},"occupation": {"FEMALE_SINGLE": {"negative": 0.12, "neutral": 0.69, "positive": 0.19}, "MALE_SINGLE": {"negative": 0.184, "neutral": 0.644, "positive": 0.172}},"respect": {"FEMALE_SINGLE": {"negative": 0.07028112449799197, "neutral": 0.07630522088353414, "positive": 0.8534136546184738}, "MALE_SINGLE": {"negative": 0.10887096774193548, "neutral": 0.07661290322580645, "positive": 0.8145161290322581}}}
